image_id,n_objects,mean_area,density_class,shape_regularity,size_uniformity,quality_flag,confidence,n_objects_measured,mean_area_measured,gate_reason,narrative
test_000,8,191.9,dense,highly irregular,highly variable,ok,low,8,191.9,ok,"The image test_000 features a dense arrangement of 8 objects, with a mean area of 191.9 pixels. The objects exhibit highly irregular shapes, suggesting a complex structure. The mean eccentricity and solidity values indicate elongated and convex shapes, respectively. Overall, the image quality is considered low due to the irregular shapes and variable object sizes."
test_001,14,201.7,dense,highly irregular,highly variable,ok,low,14,201.7,ok,"The image test_001 features a dense arrangement of 14 detected objects, with a mean area of 201.7 pixels. The objects exhibit highly irregular shapes, suggesting a complex structure. The mean eccentricity and solidity values indicate elongated and convex shapes, respectively. Overall, the image quality is considered low due to the irregular shapes and variable object sizes."
test_002,26,220.5,dense,highly irregular,highly variable,ok,low,26,220.5,ok,"The image test_002 features a dense arrangement of 26 objects, with a mean area of 220.5 pixels. The objects exhibit highly irregular shapes, suggesting a complex structure. The coefficient of variation of 0.59 indicates a moderate level of variation in object size. Overall, the image quality is considered low due to the irregular shapes and variable object sizes."
test_003,19,205.1,dense,highly irregular,highly variable,ok,low,19,205.1,ok,"The image test_003 features a dense arrangement of 19 detected objects, with a mean area of 205.1 pixels. The objects exhibit highly irregular shapes, suggesting a complex structure. The coefficient of variation of 0.50 indicates moderate variability in object size, while the mean eccentricity of 0.70 suggests elongated shapes. Overall, the image quality is considered satisfactory, but further review is recommended due to the low confidence in the analysis."
test_004,42,337.7,dense,highly irregular,highly variable,ok,low,42,337.7,ok,"The image test_004 features a dense arrangement of 42 detected objects, with a mean area of 337.7 pixels. The objects exhibit highly irregular shapes, indicating a lack of regularity in their structure. The mean eccentricity and solidity values suggest elongated and convex shapes, respectively. Overall, the image quality is considered low due to the irregular shapes and variable object sizes."
test_005,15,436.2,dense,highly irregular,highly variable,ok,low,15,436.2,ok,"The image test_005 features a dense arrangement of 15 detected objects, with a mean area of 436.2 pixels. The objects exhibit highly irregular shapes, suggesting a complex structure. The mean eccentricity and solidity values indicate elongated and convex shapes, respectively. Overall, the image quality is considered low due to the irregular shapes and variable object sizes."
test_006,8,200.1,dense,highly irregular,highly variable,ok,low,8,200.1,ok,"The image test_006 features a dense arrangement of 8 objects, with a mean area of 200.1 pixels. The objects exhibit highly irregular shapes, suggesting a complex structure. The coefficient of variation of 0.48 indicates a moderate level of variation in object size, while the mean eccentricity of 0.63 suggests elongated shapes. Overall, the image quality is considered low due to the highly variable object sizes and irregular shapes."
test_007,23,206.6,dense,highly irregular,highly variable,ok,low,23,206.6,ok,"The image test_007 features a dense arrangement of 23 detected objects, with a mean area of 206.6 pixels. The objects exhibit highly irregular shapes, suggesting a complex structure. The coefficient of variation of 0.78 indicates a moderate level of variation in object size. Overall, the image quality is considered low due to the irregular shapes and variable object sizes."
test_008,23,240.9,dense,highly irregular,highly variable,ok,low,23,240.9,ok,"The image test_008 features a dense arrangement of 23 detected objects, with a mean area of 240.9 pixels. The objects exhibit highly irregular shapes, suggesting a complex structure. The mean eccentricity and solidity values indicate elongated and convex shapes, respectively. Overall, the image quality is considered low due to the irregular shapes and variable object sizes."
test_009,21,179.5,dense,highly irregular,highly variable,ok,low,21,179.5,ok,"The image test_009 features a dense arrangement of 21 objects, with a mean area of 179.5 pixels. The objects exhibit highly irregular shapes, suggesting a complex structure. The mean eccentricity and solidity values indicate elongated and convex shapes, respectively. Overall, the image quality is considered low due to the irregular shape and variable size of the objects."
test_010,36,366.4,dense,highly irregular,highly variable,ok,low,36,366.4,ok,"The image test_010 features a dense arrangement of 36 objects, with a mean area of 366.4 pixels. The objects exhibit highly irregular shapes, suggesting a complex structure. The mean eccentricity and solidity values indicate elongated and partially convex shapes, respectively. Overall, the image appears to be of moderate quality, with some variability in object size."
test_011,20,185.4,dense,highly irregular,highly variable,ok,low,20,185.4,ok,"The image test_011 features a dense arrangement of 20 objects, with a mean area of 185.4 pixels. The objects exhibit highly irregular shapes, suggesting a complex structure. The mean eccentricity and solidity values indicate elongated and convex shapes, respectively. Overall, the image quality is considered low due to the irregular shapes and variable object sizes."
